barcode,GRCh38,mm10,call
AAACGCTGTGAATATG-1,58,5740,mm10
AAAGAACGTTATAGCC-1,1521,92,GRCh38
AAAGGATCAGCAGAAC-1,3343,150,GRCh38
AAAGGATGTTCTTGCC-1,163,5559,mm10
AAAGGGCCAATGACCT-1,42,2321,mm10
AACAAAGAGAGAGCAA-1,46,1522,mm10
AACAACCAGGTGGTTG-1,6140,3247,Multiplet
AACACACTCATGCCGG-1,1019,68,GRCh38
AACAGGGCAACCGACC-1,2539,1934,Multiplet
AACCACACAGCCTTCT-1,9640,273,GRCh38
AACCACACATTCACCC-1,1041,130,GRCh38
AACCATGCAACGGTAG-1,48,675,mm10
AACCCAATCGCGTTTC-1,5428,142,GRCh38
AACCTGATCGGAGTGA-1,45,8996,mm10
AACCTTTTCAGCACCG-1,4600,169,GRCh38
AACGAAACATTACTCT-1,56,4252,mm10
AACGGGACACCCAACG-1,2385,102,GRCh38
AACGTCAGTGAACGGT-1,3131,193,GRCh38
AACGTCATCTTTGATC-1,54,8478,mm10
AACTTCTGTCATCCCT-1,6594,7760,Multiplet
AAGCCATCACCGCTAG-1,2141,3156,Multiplet
AAGCGAGTCCAATCTT-1,987,52,GRCh38
AAGCGTTCATGATGCT-1,46,4352,mm10
AAGTCGTGTCAACATC-1,41,1745,mm10
AAGTCGTTCTTAGCTT-1,67,7965,mm10
AAGTGAAGTTCCGCAG-1,64,1642,mm10
AAGTTCGAGTCCCAAT-1,1720,133,GRCh38
AATAGAGTCGGAAACG-1,65,1672,mm10
AATCGTGGTCATTGCA-1,56,5946,mm10
AATGAAGGTGACACGA-1,53,4681,mm10
AATGAAGGTTATCTGG-1,33,1554,mm10
AATTCCTCATTGGGAG-1,2201,62,GRCh38
AATTTCCGTGCGCTCA-1,53,1906,mm10
AATTTCCTCGGTCACG-1,2493,133,GRCh38
ACACAGTAGAATACAC-1,58,6302,mm10
ACACAGTTCAATGCAC-1,70,13267,mm10
ACAGAAATCCGTATGA-1,3222,111,GRCh38
ACATCGAAGGTTAGTA-1,35,4242,mm10
ACATCGATCTTCACGC-1,50,5290,mm10
ACATTTCCACATCCCT-1,6104,273,GRCh38
ACATTTCCACGCGTGT-1,1640,62,GRCh38
ACATTTCTCACGGGCT-1,70,4452,mm10
ACCAAACCAATGCTCA-1,7272,5319,Multiplet
ACCAACACAAGGGCAT-1,8656,206,GRCh38
ACCAACATCGTAGGAG-1,2659,87,GRCh38
ACCAACATCTGCGGAC-1,1466,517,GRCh38
ACCATTTGTGCCTGAC-1,12956,281,GRCh38
ACCCAAAAGTGCACTT-1,50,3997,mm10
ACCCAAACAGACGATG-1,1932,112,GRCh38
ACCCTCATCGCAGTCG-1,48,2814,mm10
ACCTACCCATCCGAAT-1,9362,188,GRCh38
ACGATCATCTGGTGCG-1,1901,51,GRCh38
ACGATGTCAAACTCGT-1,6604,136,GRCh38
ACGGTCGTCCACTTCG-1,31,1780,mm10
ACGGTTAAGCAAATCA-1,1902,77,GRCh38
ACGTAACCATGACCCG-1,51,4272,mm10
ACGTAACGTTGCGAAG-1,2640,95,GRCh38
ACGTACAAGACACACG-1,7025,169,GRCh38
ACGTACACAAGGATGC-1,8166,3438,Multiplet
ACGTAGTCAACACGTT-1,42,5265,mm10
ACGTTCCTCATTTACC-1,59,1939,mm10
ACTACGAAGGCACCAA-1,1038,434,GRCh38
ACTACGAAGGGCAATC-1,11574,209,GRCh38
ACTATTCAGCCTCCAG-1,10770,224,GRCh38
ACTGATGAGCATCAGG-1,95,10264,mm10
ACTTAGGCAACGACAG-1,1216,65,GRCh38
ACTTCGCCAGAGGTAC-1,2262,110,GRCh38
AGAACCTCAATACGAA-1,36,4621,mm10
AGAACCTTCAACTGGT-1,2006,92,GRCh38
AGACAAAAGTAACGAT-1,41,1676,mm10
AGACACTAGCAGCCCT-1,1816,118,GRCh38
AGACACTGTTAACCTG-1,31,5114,mm10
AGACCATGTTAATGAG-1,31,1575,mm10
AGATCCAGTGGGATTG-1,38,3038,mm10
AGATCGTAGTGAGCCA-1,30,2520,mm10
AGATGAAGTATCCTCC-1,966,108,GRCh38
AGCCAATAGAATCGTA-1,6926,174,GRCh38
AGCCAGCGTGACGTCC-1,50,3009,mm10
AGCCAGCTCTCCATAT-1,946,1984,mm10
AGCGATTTCTCTAAGG-1,1728,70,GRCh38
AGCGCCAGTCACTTAG-1,51,4119,mm10
AGCGCTGAGTGGTGAC-1,34,1193,mm10
AGCTTCCAGTGTTCCA-1,1341,1314,GRCh38
AGGAATACAGGCACTC-1,97,3709,mm10
AGGACGATCTGCCTGT-1,19983,399,GRCh38
AGGGAGTCACGTAACT-1,4090,2663,Multiplet
AGGGAGTGTAGCGCTC-1,127,3113,mm10
AGGGTGAGTAACAGTA-1,2765,84,GRCh38
AGGTAGGGTGCGGCTT-1,5239,105,GRCh38
AGGTAGGTCTCATAGG-1,46,5502,mm10
AGGTCATTCTATGCCC-1,58,1717,mm10
AGGTGTTCATTCACCC-1,11401,241,GRCh38
AGGTTGTAGTACCGGA-1,33,2111,mm10
AGTAACCCACGTTCGG-1,1533,62,GRCh38
AGTAACCCAGCGTGAA-1,42,2300,mm10
AGTACCAGTTCCACAA-1,2231,102,GRCh38
AGTACTGGTGTGGTCC-1,63,8588,mm10
AGTAGCTAGAATTGTG-1,3758,97,GRCh38
AGTAGCTCATCTGGGC-1,13045,260,GRCh38
AGTAGTCAGAAGCGGG-1,57,7226,mm10
AGTCAACAGACCTGGA-1,2755,104,GRCh38
AGTCACACATTAGGCT-1,44,1838,mm10
AGTCACAGTACAGTAA-1,1932,90,GRCh38
AGTCATGGTAGGTTTC-1,63,8054,mm10
AGTCTCCCAAGAGTAT-1,1613,128,GRCh38
AGTGACTAGTAGCTCT-1,8667,198,GRCh38
AGTGCCGAGATCCCAT-1,1510,194,GRCh38
AGTGCCGCAGATCACT-1,48,6507,mm10
AGTTAGCAGTGCCCGT-1,140,5949,mm10
ATACCTTGTGGTCTCG-1,2209,74,GRCh38
ATCACTTCAGGTTCGC-1,38,2200,mm10
ATCAGGTAGCACCGAA-1,49,3368,mm10
ATCAGGTCAGCATGCC-1,5552,78,GRCh38
ATCCACCCAAAGCTCT-1,63,2064,mm10
ATCCATTAGTTGGACG-1,6610,5574,Multiplet
ATCGCCTAGAGCTGAC-1,56,5288,mm10
ATCGGATTCGTTCGCT-1,6645,9161,Multiplet
ATCGGCGAGACAGCGT-1,43,4569,mm10
ATCTCTAGTAACAGGC-1,47,4680,mm10
ATCTTCATCCATCAGA-1,1288,72,GRCh38
ATGAAAGCAAGCTGCC-1,48,1505,mm10
ATGAGTCAGCCTAACT-1,3009,124,GRCh38
ATGATCGTCGAAGCCC-1,137,3096,mm10
ATGCATGGTATTCTCT-1,590,120,GRCh38
ATGCATGTCGAAGTGG-1,44,3609,mm10
ATGCGATAGAAATCCA-1,2527,96,GRCh38
ATGCGATTCCTCTAGC-1,33,4397,mm10
ATGGAGGCAGTTTCAG-1,45,1613,mm10
ATGGAGGTCGGTCTGG-1,7218,117,GRCh38
ATGGATCAGTATGAGT-1,3839,78,GRCh38
ATGGGAGTCCTATGGA-1,53,2025,mm10
ATGGGAGTCGCAAGAG-1,39,2611,mm10
ATGGTTGAGTTAGTGA-1,780,3153,mm10
ATGTCCCAGTCTGCAT-1,1662,81,GRCh38
ATGTCCCCATGGATCT-1,10474,312,GRCh38
ATGTCTTCAAGCCCAC-1,1904,108,GRCh38
ATTACCTAGGGCAGGA-1,3882,80,GRCh38
ATTACCTTCGTGAGAG-1,35,1571,mm10
ATTACTCCACAGGATG-1,1516,67,GRCh38
ATTACTCGTGCCTTTC-1,33,2293,mm10
ATTATCCTCCAGGACC-1,68,5395,mm10
ATTCACTTCTACTGAG-1,46,2538,mm10
ATTCATCAGTAAACAC-1,39,1737,mm10
ATTCATCGTCGTCTCT-1,40,3849,mm10
ATTCCATCAGTGACCC-1,52,543,mm10
ATTCCATGTCGACTTA-1,9172,295,GRCh38
ATTCTTGAGCTCGACC-1,871,2406,mm10
ATTCTTGCAATGAAAC-1,40,1234,mm10
ATTGTTCCAGGCCTGT-1,30,2235,mm10
ATTTCTGAGCCACTCG-1,1935,67,GRCh38
CAAAGAACACAAAGCG-1,42,928,mm10
CAAAGAAGTCGAGCAA-1,67,2013,mm10
CAACAGTGTGTCCAAT-1,4672,87,GRCh38
CAACAGTGTTAGAAAC-1,9120,256,GRCh38
CAACCAACAAGTCCCG-1,2462,115,GRCh38
CAACCAACAGAACATA-1,4272,2604,Multiplet
CAACCTCCACCCAACG-1,1572,94,GRCh38
CAACCTCTCTTCGTGC-1,1890,91,GRCh38
CAACGATAGAGTGTTA-1,12898,3672,Multiplet
CAAGCTAGTTGAATCC-1,772,85,GRCh38
CAAGGGAAGACTAAGT-1,4515,123,GRCh38
CAAGGGATCTAGATCG-1,58,4846,mm10
CAATACGGTTACCGTA-1,4267,159,GRCh38
CAATGACCAAATAAGC-1,94,19082,mm10
CAATTTCCACTAACGT-1,4063,132,GRCh38
CAATTTCCATCCTTCG-1,7008,137,GRCh38
CACATGAAGATGGTAT-1,40,1011,mm10
CACGAATGTATCGAAA-1,2355,84,GRCh38
CACGGGTCAGCAGATG-1,48,5323,mm10
CACTGAATCTGGAAGG-1,3055,97,GRCh38
CACTGGGTCACCCTGT-1,45,1646,mm10
CACTGTCGTATGTGTC-1,4677,110,GRCh38
CACTGTCGTGGTCAAG-1,3941,128,GRCh38
CACTTCGAGACAGTCG-1,27,2288,mm10
CACTTCGAGAGGGCGA-1,47,3338,mm10
CAGAGCCCATGCCGGT-1,6297,128,GRCh38
CAGATTGCACATTACG-1,38,6288,mm10
CAGCACGAGTCACAGG-1,49,8355,mm10
CAGCAGCTCCGGTAAT-1,43,4035,mm10
CAGCCAGGTCTCTCCA-1,60,3228,mm10
CAGCGTGCAATGAAAC-1,2750,127,GRCh38
CAGGGCTGTCAACGCC-1,28,3355,mm10
CAGGTATCACCGTGAC-1,507,973,mm10
CAGTTAGTCTCCCATG-1,561,778,mm10
CAGTTCCAGCAGTCTT-1,1062,9555,mm10
CAGTTCCCACCGTGGT-1,2223,114,GRCh38
CATAAGCAGTTAGAAC-1,1979,115,GRCh38
CATAAGCTCACTGGTA-1,94,5914,mm10
CATACCCCAACTAGAA-1,5041,3491,Multiplet
CATACTTCAGAGGCTA-1,38,3660,mm10
CATAGACGTCACTCGG-1,55,2894,mm10
CATAGACTCCATTTCA-1,15102,343,GRCh38
CATCAAGAGAGCCATG-1,6231,8627,Multiplet
CATCCCAGTTCCTAAG-1,134,1317,mm10
CATCCGTGTGTACGCC-1,53,2612,mm10
CATCGCTAGCTCTATG-1,61,4125,mm10
CATCGCTTCTTCTGGC-1,1488,108,GRCh38
CATCGGGTCAGTGATC-1,59,7428,mm10
CATCGTCTCTTGGATG-1,10794,195,GRCh38
CATGCAAAGACACACG-1,233,4634,mm10
CATGCAAGTCTCACAA-1,44,1580,mm10
CATGCGGCAACACTAC-1,6113,196,GRCh38
CATGCGGCACTTCAGA-1,34,1521,mm10
CATGCTCCAGACCAGA-1,54,2766,mm10
CATGGTAAGTAATACG-1,3190,104,GRCh38
CATTCCGTCATGGTAC-1,36,1225,mm10
CATTGAGAGAGCTGAC-1,61,3227,mm10
CATTGAGAGTATGGCG-1,60,3719,mm10
CATTGCCAGACCAAGC-1,3371,131,GRCh38
CATTGTTAGTTACGAA-1,40,5718,mm10
CATTGTTGTTCCCAAA-1,9264,248,GRCh38
CCAATGATCCATAGGT-1,8671,208,GRCh38
CCACAAAAGGCGTCCT-1,56,7649,mm10
CCACACTAGGGCCAAT-1,67,11320,mm10
CCACCATAGGATTTCC-1,32,913,mm10
CCACCATAGTTGCATC-1,3669,172,GRCh38
CCACCATTCGAAGCCC-1,540,63,GRCh38
CCACGAGGTCGACTGC-1,8425,188,GRCh38
CCACGAGTCAATCTCT-1,57,1603,mm10
CCACTTGTCGGTTAGT-1,8866,182,GRCh38
CCATCACCAGACGATG-1,56,6481,mm10
CCCTCAACAGCAGATG-1,3946,2628,Multiplet
CCCTCAAGTTTCACTT-1,29,1202,mm10
CCGCAAGAGTCCCAGC-1,9787,244,GRCh38
CCGCAAGCAATGGGTG-1,58,6534,mm10
CCGCAAGCATCGAACT-1,50,4584,mm10
CCGGACACACTCCCTA-1,68,2012,mm10
CCGGTGAGTCCTTGTC-1,41,2182,mm10
CCGTGAGAGGAATCGC-1,57,4337,mm10
CCGTGAGTCGGCTATA-1,39,9246,mm10
CCGTTCACATCACAGT-1,2147,1090,GRCh38
CCTATCGAGGGCTAAC-1,47,2609,mm10
CCTCAACCATCTCATT-1,41,2260,mm10
CCTCATGGTCGAAACG-1,3939,141,GRCh38
CCTCATGTCCAAGGGA-1,1264,146,GRCh38
CCTGTTGAGTAGCATA-1,31,1694,mm10
CGAATTGCACGCGCAT-1,54,5643,mm10
CGAGGAATCATAGGCT-1,8180,171,GRCh38
CGAGGCTCAGACACAG-1,3774,115,GRCh38
CGAGGCTGTCGCGGTT-1,43,5655,mm10
CGAGTGCTCTGAGCAT-1,92,7408,mm10
CGAGTTAGTCCTGGGT-1,33,1938,mm10
CGAGTTAGTGCTTCAA-1,33,3839,mm10
CGAGTTATCCCGTGAG-1,95,3613,mm10
CGAGTTATCTTTCCGG-1,47,5392,mm10
CGATGCGCACCCTCTA-1,4759,2266,Multiplet
CGATGCGTCTCCTGAC-1,2165,86,GRCh38
CGCAGGTTCTCCACTG-1,6982,147,GRCh38
CGCATGGAGACTAAGT-1,9742,207,GRCh38
CGCCAGATCATTGCGA-1,1411,1224,GRCh38
CGGCAGTGTGTGTTTG-1,56,4870,mm10
CGTAATGGTGTGGACA-1,47,6025,mm10
CGTGTCTGTACGCGTC-1,20,1991,mm10
CGTTAGATCCTTGACC-1,114,740,mm10
CGTTCTGGTCGTCTCT-1,7197,179,GRCh38
CGTTCTGTCAACACGT-1,33,3480,mm10
CGTTGGGGTTTCGACA-1,7714,66,GRCh38
CGTTGGGTCTGCGGCA-1,1692,67,GRCh38
CTAAGTGCAGAAATCA-1,44,4196,mm10
CTAAGTGGTAACTAAG-1,10489,414,GRCh38
CTACATTCAAACTCTG-1,51,4095,mm10
CTAGACAGTTGTTGAC-1,2047,96,GRCh38
CTATAGGAGATTTGCC-1,92,5255,mm10
CTATAGGGTTGTCATG-1,59,4297,mm10
CTATCTAGTACCAATC-1,37,3097,mm10
CTCAACCCAGATAAAC-1,11611,340,GRCh38
CTCAGAACATCGGTTA-1,3810,99,GRCh38
CTCAGGGAGGCCCGTT-1,52,3341,mm10
CTCAGTCAGGCATGGT-1,33,2020,mm10
CTCCAACAGGCCACTC-1,1450,86,GRCh38
CTCCCTCAGGAGACCT-1,100,17681,mm10
CTGAGGCGTTCGAGCC-1,586,57,GRCh38
CTGCCTACAGGTTCAT-1,65,13584,mm10
CTGCCTATCATTCTTG-1,1381,95,GRCh38
CTGCCTATCGTGACTA-1,38,5942,mm10
CTGCGAGGTTATTCCT-1,7245,171,GRCh38
CTGCTCAAGCGTCTCG-1,36,568,mm10
CTGCTCAGTCACTCAA-1,8964,236,GRCh38
CTGCTCAGTGCCGTTG-1,1787,99,GRCh38
CTGGCAGTCTGAGAAA-1,27,1896,mm10
CTGTACCCAATTTCGG-1,42,6391,mm10
CTGTAGAGTGAGCTCC-1,2793,116,GRCh38
CTGTATTGTGTAGGAC-1,39,2996,mm10
CTGTATTTCAAACGAA-1,4348,68,GRCh38
CTGTATTTCCTCACTG-1,25,2401,mm10
CTGTGAATCTAGTCAG-1,5536,127,GRCh38
CTGTGGGCATCATTGG-1,2912,116,GRCh38
CTTACCGTCCCATAGA-1,13035,404,GRCh38
CTTCAATTCCCTGTTG-1,8054,1930,Multiplet
CTTCCGACACAACGTT-1,34,2023,mm10
CTTCCTTTCAAACTGC-1,42,2822,mm10
CTTCCTTTCTTCCCGA-1,64,4828,mm10
CTTCTAAAGCACTCGC-1,4699,156,GRCh38
CTTTCAAGTAGTCACT-1,55,1779,mm10
CTTTCAATCTGCGGGT-1,5814,192,GRCh38
CTTTCGGCAAACACGG-1,32,1619,mm10
GAAGAATAGCCTGAAG-1,1217,70,GRCh38
GAAGAATAGTGTTGAA-1,752,601,GRCh38
GAAGCCCAGATTCGCT-1,1453,85,GRCh38
GAAGCCCCACTACGGC-1,1722,107,GRCh38
GAAGCGAAGACGAAGA-1,8336,183,GRCh38
GAAGGACCACCCTGAG-1,2999,96,GRCh38
GAAGGACCATGTGCCG-1,2914,1211,GRCh38
GAAGGGTGTTCGAAGG-1,43,2507,mm10
GAAGGGTTCGGTCGAC-1,7577,118,GRCh38
GAAGTAACAACCGCTG-1,12214,195,GRCh38
GAATCACCAATAGTCC-1,11981,308,GRCh38
GACACGCAGTCATTGC-1,1114,89,GRCh38
GACACGCGTTGTCCCT-1,59,3405,mm10
GACAGCCGTAAGCAAT-1,4696,3574,Multiplet
GACGCTGCACAACGAG-1,6476,112,GRCh38
GACTCAAAGGGAGGAC-1,53,8586,mm10
GACTTCCAGTGCTAGG-1,3017,166,GRCh38
GAGACCCAGTCTTCCC-1,119,3802,mm10
GAGACCCTCTGCATGA-1,33,1556,mm10
GAGACTTCACGGGTAA-1,44,1716,mm10
GAGAGGTAGTTGCCTA-1,10164,163,GRCh38
GAGAGGTTCTCATTAC-1,2160,178,GRCh38
GAGATGGCATCCGTTC-1,5901,122,GRCh38
GAGCCTGAGGAGCAAA-1,6693,110,GRCh38
GAGCCTGGTGCATGAG-1,5032,82,GRCh38
GAGGGATGTGCCGGTT-1,33,3224,mm10
GAGGGTATCATTACGG-1,2538,107,GRCh38
GAGTCATAGGTTCAGG-1,5761,109,GRCh38
GAGTGTTCAGTCGCTG-1,3411,81,GRCh38
GAGTTGTAGTAGGCCA-1,8590,129,GRCh38
GATAGAACAGGTTACT-1,39,1585,mm10
GATAGCTTCGCCGATG-1,4723,143,GRCh38
GATCAGTAGTGCGACA-1,129,7784,mm10
GATCAGTGTCCACGCA-1,2050,56,GRCh38
GATCCCTTCATGGAGG-1,9404,158,GRCh38
GATCCCTTCCGTTGAA-1,60,9198,mm10
GATGACTAGACCAAGC-1,2039,91,GRCh38
GATGATCTCTGTCGTC-1,41,6300,mm10
GATGGAGTCTGTCCCA-1,84,6105,mm10
GATGTTGCAATACCTG-1,6472,187,GRCh38
GATTGGTGTCATATGC-1,66,10943,mm10
GATTGGTGTTATGGTC-1,142,956,mm10
GATTTCTAGCGAATGC-1,26,1346,mm10
GCAACATTCTAGCCAA-1,8200,198,GRCh38
GCAACCGAGTGAGTTA-1,39,5609,mm10
GCACATATCTTGAACG-1,9408,158,GRCh38
GCACTAAAGACGCCCT-1,57,1547,mm10
GCACTAAGTCTCAAGT-1,60,6763,mm10
GCACTAATCAGAGCAG-1,2047,86,GRCh38
GCAGCCACAGAGAAAG-1,2141,102,GRCh38
GCATTAGAGCGCTTCG-1,67,3718,mm10
GCATTAGGTAGCTAAA-1,76,3449,mm10
GCCAACGGTACTTCCC-1,194,2042,mm10
GCCAGTGCAAGATTGA-1,33,1566,mm10
GCCAGTGTCAGGAAAT-1,35,1674,mm10
GCCCAGACATATCTCT-1,11513,278,GRCh38
GCCGTGATCAAACGTC-1,46,4951,mm10
GCCTGTTGTTGCATAC-1,43,2003,mm10
GCGAGAACATTCAGGT-1,39,1675,mm10
GCGATCGGTCACATTG-1,4835,119,GRCh38
GCGGAAACAGCCATTA-1,45,2792,mm10
GCGTGCATCCACGTGG-1,52,9895,mm10
GCGTTTCAGGCAGTCA-1,3584,118,GRCh38
GCGTTTCGTGATTCAC-1,1729,102,GRCh38
GCTACAAGTAGTGGCA-1,2476,123,GRCh38
GCTACAAGTCCTTTGC-1,52,5330,mm10
GCTCAAAAGGGTTTCT-1,64,6526,mm10
GCTCAAAGTCCAGCAC-1,5340,62,GRCh38
GCTCAAAGTGGCTTGC-1,49,2392,mm10
GCTCAAATCCATACTT-1,1664,84,GRCh38
GCTGGGTAGTGGCAGT-1,2994,1711,Multiplet
GCTTCACTCAACTCTT-1,2211,129,GRCh38
GGAACCCGTCCCTGAG-1,2237,136,GRCh38
GGAACCCGTTTACTGG-1,8726,2435,Multiplet
GGAATCTAGACGCCAA-1,3987,107,GRCh38
GGAATGGCATAGAATG-1,39,2719,mm10
GGAATGGTCGTTCTCG-1,47,11142,mm10
GGACGTCCAGCGAACA-1,47,4480,mm10
GGAGAACCAACTCGTA-1,20213,286,GRCh38
GGAGCAACACATATCG-1,45,2634,mm10
GGATCTAAGGAGTACC-1,49,3330,mm10
GGATGTTAGGGTATAT-1,804,51,GRCh38
GGATGTTCAAGTGGCA-1,1616,67,GRCh38
GGATGTTGTGTTTGCA-1,8375,105,GRCh38
GGCAGTCCACGGTAGA-1,1346,52,GRCh38
GGCGTCAAGAGTTGTA-1,35,3052,mm10
GGCTGTGTCCACGTGG-1,4798,2251,Multiplet
GGCTGTGTCGGCATCG-1,55,8327,mm10
GGGATCCCACTGTGTA-1,2512,109,GRCh38
GGGATGAAGAGTCTTC-1,54,2601,mm10
GGGCGTTTCAATCGGT-1,40,5878,mm10
GGGTAGAGTCAGTCGC-1,142,21514,mm10
GGGTATTCAGGAGACT-1,6904,1812,Multiplet
GGGTTATCAACCAACT-1,53,4165,mm10
GGGTTTAAGCCTGGAA-1,5412,119,GRCh38
GGTGATTAGGTCACCC-1,60,4007,mm10
GGTGATTGTGCTCTTC-1,65,6048,mm10
GGTGTCGGTCGACGCT-1,56,4957,mm10
GGTGTCGTCCTACCAC-1,4277,102,GRCh38
GGTTGTAAGTACCCTA-1,3950,107,GRCh38
GTAACACCAGAAATTG-1,40,4881,mm10
GTAACACCAGTCAACT-1,1273,75,GRCh38
GTAACCATCATGCGGC-1,37,1902,mm10
GTAATGCTCATTACTC-1,128,3513,mm10
GTAGAAAAGAGAGCCT-1,34,1658,mm10
GTAGCTACAAGAGTTA-1,44,4334,mm10
GTAGTACCAGCGTTTA-1,54,5824,mm10
GTAGTACCAGTTACCA-1,44,2321,mm10
GTATTGGTCGCCTTTG-1,5758,133,GRCh38
GTCACTCCACTGGCGT-1,39,4143,mm10
GTCACTCTCTAGGCCG-1,2109,748,GRCh38
GTCACTCTCTGGGCGT-1,477,2003,mm10
GTCAGCGTCAACTCTT-1,46,4663,mm10
GTCATGAGTTCAAACC-1,68,5261,mm10
GTCATTTCATAACAGA-1,28,2108,mm10
GTCCTCAAGAAGCTCG-1,1021,48,GRCh38
GTCCTCATCACAGTGT-1,35,2010,mm10
GTCGAATTCCATTGCC-1,85,5764,mm10
GTCGCGAGTCGCTTAA-1,2108,1799,Multiplet
GTCGTTCTCTGGAGAG-1,40,2710,mm10
GTCTTTATCATTTGCT-1,5996,167,GRCh38
GTGAGCCGTGATAGTA-1,709,59,GRCh38
GTGCGTGAGAGGTTAT-1,3757,108,GRCh38
GTGCTTCAGATACAGT-1,6606,99,GRCh38
GTGCTTCCATGTCAGT-1,933,130,GRCh38
GTGCTTCTCACTAGCA-1,37,2311,mm10
GTGGAGAGTATTAAGG-1,2496,86,GRCh38
GTGGCGTGTGATTGGG-1,36,2256,mm10
GTGGGAAAGCCTCACG-1,2844,145,GRCh38
GTTACGACAGCTGTGC-1,57,7306,mm10
GTTAGACCAGCTCCTT-1,58,3157,mm10
GTTAGTGAGACTCTTG-1,5253,118,GRCh38
GTTAGTGGTTTCGGCG-1,789,35,GRCh38
GTTCATTTCAGACCCG-1,57,4587,mm10
GTTCATTTCTCATGCC-1,90,3722,mm10
GTTCCGTGTGGATTTC-1,7715,225,GRCh38
GTTGAACCACCGTGGT-1,51,4171,mm10
GTTGCTCTCACGGGCT-1,6166,207,GRCh38
GTTGTAGGTCACTCAA-1,5498,136,GRCh38
GTTGTCCGTGTGTTTG-1,66,5270,mm10
GTTGTGAGTCAGTTTG-1,3141,93,GRCh38
GTTTACTTCACGGTCG-1,3888,92,GRCh38
GTTTGGACAGACAAAT-1,44,1995,mm10
TAACACGCACCGTGCA-1,57,9146,mm10
TAACCAGTCGGTCTGG-1,6211,131,GRCh38
TAACGACCATCCAACA-1,53,2675,mm10
TAAGCACCAGTCACGC-1,51,5572,mm10
TAAGTCGTCACCCTCA-1,79,1648,mm10
TAATCTCTCCCGTTGT-1,72,2874,mm10
TAATTCCCACCAACAT-1,38,7525,mm10
TAATTCCCAGCTCCTT-1,60,4439,mm10
TACATTCAGAGAGCGG-1,48,1626,mm10
TACATTCTCTGCTTAT-1,46,4203,mm10
TACCCACCATCTCATT-1,1760,98,GRCh38
TACCGGGCACCTTCCA-1,39,3535,mm10
TACCTCGGTATCGTTG-1,35,4523,mm10
TACGCTCCACTCATAG-1,2558,118,GRCh38
TACGGGCAGGAAAGGT-1,4799,121,GRCh38
TACGGTACAGCCTATA-1,2325,81,GRCh38
TACTTACCATTGGATC-1,47,3235,mm10
TACTTGTCATGACACT-1,5506,585,GRCh38
TACTTGTCATGTGCTA-1,34,1786,mm10
TAGACCACACCAGACC-1,33,2467,mm10
TAGACTGGTTCTCGTC-1,3389,103,GRCh38
TAGAGTCCACAGCATT-1,31,881,mm10
TAGAGTCTCTGTTCAT-1,136,1544,mm10
TAGGGTTCAAGCAGGT-1,31,580,mm10
TAGGGTTCACTTGTGA-1,3033,80,GRCh38
TAGGTACCATTCACAG-1,2394,95,GRCh38
TAGGTTGAGAGGTGCT-1,48,4135,mm10
TAGGTTGCACGGCCAT-1,6515,159,GRCh38
TATACCTAGTTGTACC-1,35,3088,mm10
TATATCCAGTCTAACC-1,2994,97,GRCh38
TATCTGTGTGAGTAGC-1,7691,125,GRCh38
TATCTGTTCCGCATAA-1,2807,1169,GRCh38
TATCTTGCACTCGATA-1,971,51,GRCh38
TATCTTGTCCATTGTT-1,2004,71,GRCh38
TATCTTGTCTGGAAGG-1,57,5185,mm10
TATGTTCAGCCAAGTG-1,31,1545,mm10
TATTCCAAGCGGTAAC-1,24,540,mm10
TATTTCGCAATAGTAG-1,36,2403,mm10
TATTTCGCACCTATCC-1,48,1773,mm10
TCAAGTGTCTCCTGAC-1,40,2004,mm10
TCAGCAACATTGCAAC-1,1396,96,GRCh38
TCAGGGCCATGCGTGC-1,3908,176,GRCh38
TCAGTCCTCGGAGATG-1,58,5163,mm10
TCAGTTTAGGACAAGA-1,7710,6753,Multiplet
TCATCCGCACTCCTGT-1,11743,566,GRCh38
TCATGCCTCGCCGTGA-1,1355,66,GRCh38
TCATTACTCGCCTCTA-1,17,3569,mm10
TCATTCAAGCTAAGTA-1,37,4584,mm10
TCCACCAGTAGCTAAA-1,2323,128,GRCh38
TCCATGCGTCCATAGT-1,41,2001,mm10
TCCCACAGTTGGAGAC-1,2862,109,GRCh38
TCCGTGTTCTCATGCC-1,1907,108,GRCh38
TCCTCCCAGACGGTCA-1,2794,134,GRCh38
TCCTCCCAGCAAATCA-1,7225,324,GRCh38
TCGAAGTGTATAGGAT-1,30349,17462,Multiplet
TCGACGGGTGACGTCC-1,55,7501,mm10
TCGACGGTCTGAGAAA-1,9014,5325,Multiplet
TCGCTTGAGCTTGTGT-1,6698,108,GRCh38
TCGGATAGTTGTTGTG-1,7326,127,GRCh38
TCGGGACGTCCAGCGT-1,4860,129,GRCh38
TCGGGACTCTTTCCGG-1,1503,51,GRCh38
TCGGGCAAGAGTTGAT-1,1364,80,GRCh38
TCTAACTAGGTCCTGC-1,61,6920,mm10
TCTACATTCGAGAATA-1,3075,83,GRCh38
TCTCAGCCAGTCGGTC-1,42,1126,mm10
TCTGTCGAGTTGCGAG-1,53,5924,mm10
TCTTAGTCACGGTGTC-1,36,4328,mm10
TCTTTGATCAGGAAGC-1,29,4345,mm10
TGAACGTGTCTTGAAC-1,2660,144,GRCh38
TGAACGTTCTGCGGGT-1,28,2093,mm10
TGAATCGCACAATTCG-1,1389,64,GRCh38
TGACAGTCACATCCCT-1,64,4873,mm10
TGAGCATCAGGTGGAT-1,5019,119,GRCh38
TGATCAGCAGCTACAT-1,41,2545,mm10
TGATCAGGTCCAAGAG-1,4496,95,GRCh38
TGATGCATCAGGCGAA-1,49,7333,mm10
TGATGGTCAAGCGGAT-1,4336,123,GRCh38
TGATTCTAGTTGAAAC-1,45,8058,mm10
TGATTCTCATCTGCGG-1,28,4120,mm10
TGCAGATAGAAACTGT-1,62,1726,mm10
TGCAGGCTCTTGAACG-1,62,10843,mm10
TGCAGTACATATACCG-1,40,3917,mm10
TGCGACGCAGCTTCCT-1,4003,5018,Multiplet
TGCGACGCATGGTACT-1,46,5800,mm10
TGCGATAAGGTAAGTT-1,45,5596,mm10
TGCGATACATTCTCCG-1,35,3534,mm10
TGCGATATCTGATGGT-1,34,4390,mm10
TGCGGCATCTGAACGT-1,35,1937,mm10
TGCTCCACAAGTGTCT-1,52,3943,mm10
TGCTGAACAGTGGTGA-1,9059,172,GRCh38
TGCTGAAGTTCTAACG-1,3613,113,GRCh38
TGGATGTTCCTTACCG-1,5535,1851,Multiplet
TGGCGTGAGTCACTGT-1,37,3133,mm10
TGGGAAGAGATAACGT-1,3670,117,GRCh38
TGGGAGACACGAAGAC-1,6480,67,GRCh38
TGGGATTTCTGTCCCA-1,50,1632,mm10
TGGGCTGTCTTCTAAC-1,45,3629,mm10
TGGGTTAAGAGAGCGG-1,7556,128,GRCh38
TGGGTTACACCCTAAA-1,2763,117,GRCh38
TGGTACAAGTGCAACG-1,26,3778,mm10
TGGTGATCAGGCTTGC-1,1107,63,GRCh38
TGGTGATTCCCTTGTG-1,1410,186,GRCh38
TGGTGATTCTGTTCAT-1,2461,121,GRCh38
TGGTTAGTCGAATCCA-1,49,8660,mm10
TGTAACGCAACTCGAT-1,3583,3938,Multiplet
TGTAGACAGAGGGTAA-1,1878,6121,Multiplet
TGTAGACTCAAACCCA-1,2311,53,GRCh38
TGTCCCAAGCCTGTGC-1,58,2850,mm10
TGTCCTGAGCAACTCT-1,81,5329,mm10
TGTGAGTTCTAGGAAA-1,20,2865,mm10
TGTGCGGCAAGTTCGT-1,43,2333,mm10
TGTGCGGGTTGCATCA-1,47,2990,mm10
TGTGGCGAGCCATTCA-1,19152,363,GRCh38
TGTTCTATCTAACGGT-1,37,3491,mm10
TGTTGGATCAAGGACG-1,48,4425,mm10
TTACCATCACGTCTCT-1,9445,275,GRCh38
TTACCATTCGCTAAAC-1,6741,167,GRCh38
TTACGTTCAATCAGCT-1,174,5069,mm10
TTAGGCACAAACACGG-1,2601,106,GRCh38
TTAGGGTTCGTTGTGA-1,34,5734,mm10
TTCAATCTCGAAGTGG-1,11784,321,GRCh38
TTCACGCCAAGCGCTC-1,76,6377,mm10
TTCACGCCATCTCATT-1,72,7275,mm10
TTCAGGACATGCCATA-1,84,3803,mm10
TTCGCTGTCGGTTCAA-1,4631,131,GRCh38
TTCGGTCCAACCAATC-1,914,66,GRCh38
TTCTAACTCCGAACGC-1,2712,84,GRCh38
TTCTAGTTCATGGTAC-1,13193,320,GRCh38
TTCTCTCCAGCGTTGC-1,56,4819,mm10
TTCTTCCGTACTTCCC-1,5472,1780,Multiplet
TTCTTCCGTTAGGGTG-1,7343,130,GRCh38
TTCTTGAAGACACACG-1,43,3032,mm10
TTGAGTGTCCATCAGA-1,758,64,GRCh38
TTGATGGCATGACAAA-1,36,3191,mm10
TTGTGTTCAGGACGAT-1,31,4868,mm10
TTGTTTGTCTCATTTG-1,32,1039,mm10
TTTACCAGTGCTTATG-1,36,1853,mm10
TTTACCATCGATTGAC-1,2588,126,GRCh38
TTTACTGAGTTCTCTT-1,2202,117,GRCh38
TTTACTGTCAGCCTTC-1,66,4499,mm10
TTTAGTCGTTCCTACC-1,9962,192,GRCh38
TTTCGATCAGAATCGG-1,41,3070,mm10
TTTCGATGTACCTTCC-1,61,3583,mm10
TTTGGAGAGTATTCCG-1,5025,115,GRCh38
TTTGGAGGTCTTAGTG-1,32,3416,mm10
TTTGGTTTCTGAGATC-1,2112,75,GRCh38
TTTGTTGCACGCGCAT-1,7552,212,GRCh38
